INSERT INTO items (sku, name)
VALUES ( 'SSI-D00791015-LL-BWH', 'Zalekia Plain Casual Blouse (L,Broken White)' ),
( 'SSI-D00791077-MM-BWH', 'Zalekia Plain Casual Blouse (M,Broken White)' ),
( 'SSI-D00791091-XL-BWH', 'Zalekia Plain Casual Blouse (XL,Broken White)' ),
( 'SSI-D00864612-LL-NAV', 'Deklia Plain Casual Blouse (L,Navy)' ),
( 'SSI-D00864614-XL-NAV', 'Deklia Plain Casual Blouse (XL,Navy)' ),
( 'SSI-D00864652-SS-NAV', 'Deklia Plain Casual Blouse (S,Navy)' ),
( 'SSI-D00864661-MM-NAV', 'Deklia Plain Casual Blouse (M,Navy)' ),
( 'SSI-D01037807-X3-BWH', 'Dellaya Plain Loose Big Blouse (XXXL,Broken White)' ),
( 'SSI-D01037812-X3-BLA', 'Dellaya Plain Loose Big Blouse (XXXL,Black)' ),
( 'SSI-D01037822-XX-BLA', 'Dellaya Plain Loose Big Blouse (XXL,Black)' ),
( 'SSI-D01220307-XL-SAL', 'Devibav Plain Trump Blouse (XL,Salem)' ),
( 'SSI-D01220322-MM-YEL', 'Devibav Plain Trump Blouse (M,Yellow)' ),
( 'SSI-D01220334-XL-YEL', 'Devibav Plain Trump Blouse (XL,Yellow)' ),
( 'SSI-D01220338-XX-SAL', 'Devibav Plain Trump Blouse (XXL,Salem)' ),
( 'SSI-D01220346-LL-SAL', 'Devibav Plain Trump Blouse (L,Salem)' ),
( 'SSI-D01220349-LL-YEL', 'Devibav Plain Trump Blouse (L,Yellow)' ),
( 'SSI-D01220355-XX-YEL', 'Devibav Plain Trump Blouse (XXL,Yellow)' ),
( 'SSI-D01220357-SS-YEL', 'Devibav Plain Trump Blouse (S,Yellow)' ),
( 'SSI-D01220388-MM-SAL', 'Devibav Plain Trump Blouse (M,Salem)' ),
( 'SSI-D01322234-LL-WHI', 'Thafqya Plain Raglan Blouse (L,White)' ),
( 'SSI-D01322275-XL-WHI', 'Thafqya Plain Raglan Blouse (XL,White)' ),
( 'SSI-D01326201-XL-KHA', 'Siunfhi Ethnic Trump Blouse (XL,Khaki)' ),
( 'SSI-D01326205-MM-NAV', 'Siunfhi Ethnic Trump Blouse (M,Navy)' ),
( 'SSI-D01326223-MM-KHA', 'Siunfhi Ethnic Trump Blouse (M,Khaki)' ),
( 'SSI-D01326286-LL-KHA', 'Siunfhi Ethnic Trump Blouse (L,Khaki)' ),
( 'SSI-D01326299-LL-NAV', 'Siunfhi Ethnic Trump Blouse (L,Navy)' ),
( 'SSI-D01401050-MM-RED', 'Zeomila Zipper Casual Blouse (M,Red)' ),
( 'SSI-D01401064-XL-RED', 'Zeomila Zipper Casual Blouse (XL,Red)' ),
( 'SSI-D01401071-LL-RED', 'Zeomila Zipper Casual Blouse (L,Red)' ),
( 'SSI-D01466013-XX-BLA', 'Salyara Plain Casual Big Blouse (XXL,Black)' ),
( 'SSI-D01466064-X3-BLA', 'Salyara Plain Casual Big Blouse (XXXL,Black)' );

INSERT INTO warehouses (id, description)
VALUES ( 0, 'Warehouse at Kaliurang' ),
( 1, 'Warehouse at Paskal Hyper Square' );

INSERT INTO stock (item_sku, warehouse_id, amount)
VALUES ( 'SSI-D00791077-MM-BWH', 0, 100 ),
( 'SSI-D00791077-MM-BWH', 1, 54 ),
( 'SSI-D00864612-LL-NAV', 0, 47 ),
( 'SSI-D00864612-LL-NAV', 1, 90 ),
( 'SSI-D01220357-SS-YEL', 0, 74 );

INSERT INTO TransactionTypes (code, description)
VALUES ( 'BM', 'Barang Masuk' ),
( 'BK', 'Barang Keluar' );

INSERT INTO transactions (id, timestamp, transaction_code, transaction_sku, amount, price, note )
VALUES ( 0, '2018-01-02 11:20:00', 'BM', 'SSI-D01401071-LL-RED', 47, 74000, '2018/01/06 terima 47; Masih Menunggu' ),
( 1, '2018-01-02 7:13:00', 'BM', 'SSI-D01401064-XL-RED', 35, 61000, '2018/01/06 terima 35; Masih menunggu' ),
( 2, '2018-01-02 5:46:00', 'BM', 'SSI-D01401050-MM-RED', 30, 67000, '2018/01/06 terima 30; Masih menunggu' ),
( 3, '2017-12-18 2:02:00', 'BM', 'SSI-D01037812-X3-BLA', 12, 72000, '2017/12/22 terima 12' ),
( 4, '2017-12-15 6:16:00', 'BM', 'SSI-D00864614-XL-NAV', 158, 66000, '2017/12/18 terima 76; 2017/12/20 terima 82' ),
( 5, '2017-12-15 1:48:00', 'BM', 'SSI-D00864652-SS-NAV', 28, 63000, '2017/12/18 terima 28' ),
( 6, '2017-12-15 0:16:00', 'BM', 'SSI-D00864661-MM-NAV', 108, 76000, '2017/12/18 terima 55; 2017/12/20 terima 53' ),
( 7, '2017-12-11 13:26:00', 'BM', 'SSI-D01322275-XL-WHI', 45, 63000, '2017/12/15 terima 45' ),
( 8, '2017-12-09 6:45:00', 'BM', 'SSI-D01322234-LL-WHI', 43, 75000, '2017/12/13 terima 43' ),
( 9, '2017-11-25 11:41:00', 'BM', 'SSI-D01401071-LL-RED', 29, 62000, '2017/11/29 terima 29' ),
( 10, '2017-11-25 5:37:00', 'BM', 'SSI-D01401050-MM-RED', 28, 69000, '2017/11/28 terima 28' ),
( 11, '2017-11-25 1:53:00', 'BM', 'SSI-D01401064-XL-RED', 30, 78000, '2017/11/29 terima 30' ),
( 12, '2017-11-21 10:39:00', 'BM', 'SSI-D01322275-XL-WHI', 33, 68000, '2017/11/24 terima 33' ),
( 13, '2017-11-21 1:32:00', 'BM', 'SSI-D01322234-LL-WHI', 34, 76000, '2017/11/24 terima 34' ),
( 14, '2017-11-15 18:05:00', 'BM', 'SSI-D01466064-X3-BLA', 41, 73000, '2017/11/19 terima 41' ),
( 15, '2017-11-15 2:33:00', 'BM', 'SSI-D01466013-XX-BLA', 41, 79000, '2017/11/17 terima 41' ),
( 16, '2017-11-06 5:57:00', 'BM', 'SSI-D01037807-X3-BWH', 68, 65000, '2017/11/10 terima 45; 2017/11/12 terima 23' ),
( 17, '2017-11-03 13:25:00', 'BM', 'SSI-D01220388-MM-SAL', 52, 75000, '2017/11/05 terima 36; 2017/11/08 terima 16' ),
( 18, '2017-11-02 13:46:00', 'BM', 'SSI-D01220307-XL-SAL', 40, 73000, '2017/11/06 terima 40' ),
( 19, '2017-11-02 12:41:00', 'BM', 'SSI-D01220346-LL-SAL', 48, 70000, '2017/11/06 terima 48' ),
( 20, '2017-11-02 11:30:00', 'BM', 'SSI-D01220334-XL-YEL', 26, 72000, '2017/11/04 terima 26' ),
( 21, '2017-11-02 11:01:00', 'BM', 'SSI-D01220355-XX-YEL', 44, 67000, '2017/11/05 terima 44' );

INSERT INTO IncomingTransactions(transaction_id, booking, receipt)
VALUES ( 0, 62, '20180102-69539' ),
( 1, 63, '20180102-69458' ),
( 2, 54, '20180102-69088' ),
( 3, 12, '20171218-52879' ),
( 4, 158, '20171215-51963' ),
( 5, 28, '20171215-52086' ),
( 6, 108, '20171215-52033' ),
( 7, 45, '20171211-80524' ),
( 8, 43, '20171209-40417' ),
( 9, 29, '20171125-41118' ),
( 10, 28, '20171125-41065' ),
( 11, 30, '20171125-41126' ),
( 12, 33, '20171121-63197' ),
( 13, 34, '20171121-62114' ),
( 14, 41, '20171115-52505' ),
( 15, 41, '20171115-52471' ),
( 16, 68, '20171106-53438' ),
( 17, 52, '20171103-27559' ),
( 18, 40, '20171102-29823' ),
( 19, 48, '20171102-29903' ),
( 20, 26, '20171102-36271' ),
( 21, 44, '20171102-29675' );

INSERT INTO transactions (id, timestamp, transaction_code, transaction_sku, amount, price, note )
VALUES ( 22, '2018-01-09 2:38:36', 'BK', 'SSI-D01401050-MM-RED', 1, 115000, 'ID-20180109-853724' ),
( 23, '2018-01-09 2:38:36', 'BK', 'SSI-D01037822-XX-BLA', 1, 125000, 'ID-20180109-853724' ),
( 24, '2018-01-09 2:07:08', 'BK', 'SSI-D01322275-XL-WHI', 2, 115000, 'ID-20180108-149680' ),
( 25, '2018-01-08 22:05:15', 'BK', 'SSI-D01401064-XL-RED', 1, 125000, 'ID-20180108-548167' ),
( 26, '2018-01-08 22:05:15', 'BK', 'SSI-D01322275-XL-WHI', 1, 115000, 'ID-20180108-548167' ),
( 27, '2018-01-08 21:37:12', 'BK', 'SSI-D01401050-MM-RED', 1, 120000, 'ID-20180108-901847' ),
( 28, '2018-01-08 15:26:44', 'BK', 'SSI-D01401050-MM-RED', 1, 110000, 'ID-20180108-170723' ),
( 29, '2018-01-08 15:26:44', 'BK', 'SSI-D01220338-XX-SAL', 1, 130000, 'ID-20180108-170723' ),
( 30, '2018-01-08 11:46:27', 'BK', 'SSI-D01037822-XX-BLA', 1, 110000, 'ID-20180108-268141' ),
( 31, '2018-01-08 11:41:26', 'BK', 'SSI-D01401071-LL-RED', 1, 130000, 'ID-20180108-750817' ),
( 32, '2018-01-08 10:32:14', 'BK', 'SSI-D01037812-X3-BLA', 1, 130000, 'ID-20180108-921818' ),
( 33, '2018-01-08 10:09:57', 'BK', 'SSI-D00864652-SS-NAV', 1, 120000, 'ID-20180108-054736' ),
( 34, '2018-01-08 9:51:40', 'BK', 'SSI-D01322275-XL-WHI', 1, 115000, 'ID-20180108-771439' ),
( 35, '2018-01-08 8:12:12', 'BK', 'SSI-D00864652-SS-NAV', 1, 130000, 'ID-20180108-514947' ),
( 36, '2018-01-08 8:12:12', 'BK', 'SSI-D01401064-XL-RED', 1, 130000, 'ID-20180108-514947' ),
( 37, '2018-01-08 7:18:11', 'BK', 'SSI-D01326205-MM-NAV', 1, 130000, 'ID-20180108-300302' ),
( 38, '2018-01-08 5:14:14', 'BK', 'SSI-D01466064-X3-BLA', 1, 120000, 'ID-20180108-314485' ),
( 39, '2018-01-05 6:14:16', 'BK', 'SSI-D00864661-MM-NAV', 1, 0, 'Barang Hilang' ),
( 40, '2018-01-04 14:51:52', 'BK', 'SSI-D01220388-MM-SAL', 1, 0, 'Barang Hilang' ),
( 41, '2018-01-02 22:14:11', 'BK', 'SSI-D01322234-LL-WHI', 1, 0, 'Barang Rusak' ),
( 42, '2017-05-15 6:09:50', 'BK', 'SSI-D00791077-MM-BWH', 1, 0, 'Sample Barang' ),
( 43, '2017-05-15 4:25:14', 'BK', 'SSI-D00791091-XL-BWH', 1, 0, 'Sample Barang' ),
( 44, '2018-01-08 4:43:23', 'BK', 'SSI-D01037822-XX-BLA', 1, 115000, 'ID-20180108-290736' );
