INSERT INTO items (sku, name)
VALUES ( 'SSI-D00791015-LL-BWH', 'Zalekia Plain Casual Blouse (L,Broken White)' ),
( 'SSI-D00791077-MM-BWH', 'Zalekia Plain Casual Blouse (M,Broken White)' ),
( 'SSI-D00791091-XL-BWH', 'Zalekia Plain Casual Blouse (XL,Broken White)' ),
( 'SSI-D00864612-LL-NAV', 'Deklia Plain Casual Blouse (L,Navy)' ),
( 'SSI-D00864614-XL-NAV', 'Deklia Plain Casual Blouse (XL,Navy)' ),
( 'SSI-D00864652-SS-NAV', 'Deklia Plain Casual Blouse (S,Navy)' ),
( 'SSI-D00864661-MM-NAV', 'Deklia Plain Casual Blouse (M,Navy)' ),
( 'SSI-D01037807-X3-BWH', 'Dellaya Plain Loose Big Blouse (XXXL,Broken White)' ),
( 'SSI-D01037812-X3-BLA', 'Dellaya Plain Loose Big Blouse (XXXL,Black)' ),
( 'SSI-D01037822-XX-BLA', 'Dellaya Plain Loose Big Blouse (XXL,Black)' ),
( 'SSI-D01220307-XL-SAL', 'Devibav Plain Trump Blouse (XL,Salem)' ),
( 'SSI-D01220322-MM-YEL', 'Devibav Plain Trump Blouse (M,Yellow)' ),
( 'SSI-D01220334-XL-YEL', 'Devibav Plain Trump Blouse (XL,Yellow)' ),
( 'SSI-D01220338-XX-SAL', 'Devibav Plain Trump Blouse (XXL,Salem)' ),
( 'SSI-D01220346-LL-SAL', 'Devibav Plain Trump Blouse (L,Salem)' ),
( 'SSI-D01220349-LL-YEL', 'Devibav Plain Trump Blouse (L,Yellow)' ),
( 'SSI-D01220355-XX-YEL', 'Devibav Plain Trump Blouse (XXL,Yellow)' ),
( 'SSI-D01220357-SS-YEL', 'Devibav Plain Trump Blouse (S,Yellow)' ),
( 'SSI-D01220388-MM-SAL', 'Devibav Plain Trump Blouse (M,Salem)' ),
( 'SSI-D01322234-LL-WHI', 'Thafqya Plain Raglan Blouse (L,White)' ),
( 'SSI-D01322275-XL-WHI', 'Thafqya Plain Raglan Blouse (XL,White)' ),
( 'SSI-D01326201-XL-KHA', 'Siunfhi Ethnic Trump Blouse (XL,Khaki)' ),
( 'SSI-D01326205-MM-NAV', 'Siunfhi Ethnic Trump Blouse (M,Navy)' ),
( 'SSI-D01326223-MM-KHA', 'Siunfhi Ethnic Trump Blouse (M,Khaki)' ),
( 'SSI-D01326286-LL-KHA', 'Siunfhi Ethnic Trump Blouse (L,Khaki)' ),
( 'SSI-D01326299-LL-NAV', 'Siunfhi Ethnic Trump Blouse (L,Navy)' ),
( 'SSI-D01401050-MM-RED', 'Zeomila Zipper Casual Blouse (M,Red)' ),
( 'SSI-D01401064-XL-RED', 'Zeomila Zipper Casual Blouse (XL,Red)' ),
( 'SSI-D01401071-LL-RED', 'Zeomila Zipper Casual Blouse (L,Red)' ),
( 'SSI-D01466013-XX-BLA', 'Salyara Plain Casual Big Blouse (XXL,Black)' ),
( 'SSI-D01466064-X3-BLA', 'Salyara Plain Casual Big Blouse (XXXL,Black)' );

INSERT INTO warehouses (id, description)
VALUES ( 0, 'Warehouse at Kaliurang' ),
( 1, 'Warehouse at Paskal Hyper Square' );

INSERT INTO stock (item_sku, warehouse_id, amount)
VALUES ( 'SSI-D00791077-MM-BWH', 0, 20 ),
( 'SSI-D00791077-MM-BWH', 1, 16 ),
( 'SSI-D00864612-LL-NAV', 0, 25 ),
( 'SSI-D00864612-LL-NAV', 1, 30 ),
( 'SSI-D00791015-LL-BWH', 0, 53 ),
( 'SSI-D00791091-XL-BWH', 0, 58 ),
( 'SSI-D00864614-XL-NAV', 0, 14 ),
( 'SSI-D00864652-SS-NAV', 0, 5 ),
( 'SSI-D00864661-MM-NAV', 0, 46 ),
( 'SSI-D01037807-X3-BWH', 0, 106 ),
( 'SSI-D01037812-X3-BLA', 0, 250 ),
( 'SSI-D01037822-XX-BLA', 0, 30 ),
( 'SSI-D01220307-XL-SAL', 0, 280 ),
( 'SSI-D01220322-MM-YEL', 0, 160 ),
( 'SSI-D01220334-XL-YEL', 0, 153 ),
( 'SSI-D01220338-XX-SAL', 0, 150 ),
( 'SSI-D01220346-LL-SAL', 0, 311 ),
( 'SSI-D01220349-LL-YEL', 0, 224 ),
( 'SSI-D01220355-XX-YEL', 0, 89 ),
( 'SSI-D01220357-SS-YEL', 0, 38 ),
( 'SSI-D01220388-MM-SAL', 0, 199 ),
( 'SSI-D01322234-LL-WHI', 0, 40 ),
( 'SSI-D01322275-XL-WHI', 0, 14 ),
( 'SSI-D01326201-XL-KHA', 0, 321 ),
( 'SSI-D01326205-MM-NAV', 0, 30 ),
( 'SSI-D01326223-MM-KHA', 0, 320 ),
( 'SSI-D01326286-LL-KHA', 0, 344 ),
( 'SSI-D01326299-LL-NAV', 0, 84 ),
( 'SSI-D01401050-MM-RED', 0, 141 ),
( 'SSI-D01401064-XL-RED', 0, 146 ),
( 'SSI-D01401071-LL-RED', 0, 144 ),
( 'SSI-D01466013-XX-BLA', 0, 126 ),
( 'SSI-D01466064-X3-BLA', 0, 119 );

INSERT INTO TransactionTypes (code, description)
VALUES ( 'BM', 'Barang Masuk' ),
( 'BK', 'Barang Keluar' );

INSERT INTO transactions (id, timestamp, transaction_code, transaction_sku, amount, price, note )
VALUES ( 0, '2018-01-02 11:20:00', 'BM','SSI-D01401071-LL-RED', 47, 74000, '2018/01/06 terima 47; Masih Menunggu' ),
( 1, '2018-01-02 7:13:00', 'BM','SSI-D01401064-XL-RED', 35, 61000, '2018/01/06 terima 35; Masih menunggu' ),
( 2, '2018-01-02 5:46:00', 'BM','SSI-D01401050-MM-RED', 30, 67000, '2018/01/06 terima 30; Masih menunggu' ),
( 3, '2017-12-18 2:02:00', 'BM','SSI-D01037812-X3-BLA', 12, 72000, '2017/12/22 terima 12' ),
( 4, '2017-12-15 6:16:00', 'BM','SSI-D00864614-XL-NAV', 158, 66000, '2017/12/18 terima 76; 2017/12/20 terima 82' ),
( 5, '2017-12-15 1:48:00', 'BM','SSI-D00864652-SS-NAV', 28, 63000, '2017/12/18 terima 28' ),
( 6, '2017-12-15 0:16:00', 'BM','SSI-D00864661-MM-NAV', 108, 76000, '2017/12/18 terima 55; 2017/12/20 terima 53' ),
( 7, '2017-12-11 13:26:00', 'BM','SSI-D01322275-XL-WHI', 45, 63000, '2017/12/15 terima 45' ),
( 8, '2017-12-09 6:45:00', 'BM','SSI-D01322234-LL-WHI', 43, 75000, '2017/12/13 terima 43' ),
( 9, '2017-11-25 11:41:00', 'BM','SSI-D01401071-LL-RED', 29, 62000, '2017/11/29 terima 29' ),
( 10, '2017-11-25 5:37:00', 'BM','SSI-D01401050-MM-RED', 28, 69000, '2017/11/28 terima 28' ),
( 11, '2017-11-25 1:53:00', 'BM','SSI-D01401064-XL-RED', 30, 78000, '2017/11/29 terima 30' ),
( 12, '2017-11-21 10:39:00', 'BM','SSI-D01322275-XL-WHI', 33, 68000, '2017/11/24 terima 33' ),
( 13, '2017-11-21 1:32:00', 'BM','SSI-D01322234-LL-WHI', 34, 76000, '2017/11/24 terima 34' ),
( 14, '2017-11-15 18:05:00', 'BM','SSI-D01466064-X3-BLA', 41, 73000, '2017/11/19 terima 41' ),
( 15, '2017-11-15 2:33:00', 'BM','SSI-D01466013-XX-BLA', 41, 79000, '2017/11/17 terima 41' ),
( 16, '2017-11-06 5:57:00', 'BM','SSI-D01037807-X3-BWH', 68, 65000, '2017/11/10 terima 45; 2017/11/12 terima 23' ),
( 17, '2017-11-03 13:25:00', 'BM','SSI-D01220388-MM-SAL', 52, 75000, '2017/11/05 terima 36; 2017/11/08 terima 16' ),
( 18, '2017-11-02 13:46:00', 'BM','SSI-D01220307-XL-SAL', 40, 73000, '2017/11/06 terima 40' ),
( 19, '2017-11-02 12:41:00', 'BM','SSI-D01220346-LL-SAL', 48, 70000, '2017/11/06 terima 48' ),
( 20, '2017-11-02 11:30:00', 'BM','SSI-D01220334-XL-YEL', 26, 72000, '2017/11/04 terima 26' ),
( 21, '2017-11-02 11:01:00', 'BM','SSI-D01220355-XX-YEL', 44, 67000, '2017/11/05 terima 44' ),
( 22, '2017-11-02 6:51:00', 'BM','SSI-D01220388-MM-SAL', 43, 74000, '2017/11/06 terima 43' ),
( 23, '2017-11-02 0:18:00', 'BM','SSI-D01220349-LL-YEL', 24, 79000, '2017/11/05 terima 24' ),
( 24, '2017-11-01 16:51:00', 'BM','SSI-D01220355-XX-YEL', 83, 74000, '2017/11/05 terima 61; 2017/11/08 terima 22' ),
( 25, '2017-11-01 16:31:00', 'BM','SSI-D01220307-XL-SAL', 26, 60000, '2017/11/05 terima 26' ),
( 26, '2017-11-01 12:29:00', 'BM','SSI-D01220334-XL-YEL', 35, 60000, '2017/11/05 terima 35' ),
( 27, '2017-11-01 11:32:00', 'BM','SSI-D01220307-XL-SAL', 50, 68000, '2017/11/04 terima 50' ),
( 28, '2017-11-01 11:22:00', 'BM','SSI-D01220334-XL-YEL', 23, 63000, '2017/11/03 terima 23' ),
( 29, '2017-11-01 11:15:00', 'BM','SSI-D01220322-MM-YEL', 33, 77000, '2017/11/04 terima 33' ),
( 30, '2017-11-01 3:07:00', 'BM','SSI-D01220338-XX-SAL', 21, 71000, '2017/11/03 terima 21' ),
( 31, '2017-11-01 2:03:00', 'BM','SSI-D01220388-MM-SAL', 32, 61000, '2017/11/05 terima 32' ),
( 32, '2017-10-30 15:29:00', 'BM','SSI-D01326201-XL-KHA', 47, 67000, '2017/11/01 terima 47' ),
( 33, '2017-10-30 14:55:00', 'BM','SSI-D01401064-XL-RED', 35, 68000, '2017/11/01 terima 35' ),
( 34, '2017-10-30 14:24:00', 'BM','SSI-D00864652-SS-NAV', 20, 74000, '2017/11/01 terima 20' ),
( 35, '2017-10-30 13:34:00', 'BM','SSI-D01220338-XX-SAL', 33, 70000, '2017/11/01 terima 33' ),
( 36, '2017-10-30 12:44:00', 'BM','SSI-D01220388-MM-SAL', 43, 76000, '2017/11/01 terima 43' ),
( 37, '2017-10-30 7:13:00', 'BM','SSI-D01326223-MM-KHA', 48, 71000, '2017/11/01 terima 48' ),
( 38, '2017-10-30 7:02:00', 'BM','SSI-D01326286-LL-KHA', 48, 68000, '2017/11/02 terima 48' ),
( 39, '2017-10-30 5:20:00', 'BM','SSI-D01326299-LL-NAV', 41, 68000, '2017/11/03 terima 41' ),
( 40, '2017-10-30 4:19:00', 'BM','SSI-D00864612-LL-NAV', 50, 71000, '2017/11/02 terima 50' ),
( 41, '2017-10-30 3:21:00', 'BM','SSI-D01220349-LL-YEL', 31, 60000, '2017/11/02 terima 31' ),
( 42, '2017-10-30 0:44:00', 'BM','SSI-D01220322-MM-YEL', 24, 76000, '2017/11/03 terima 24' ),
( 43, '2017-10-30 0:32:00', 'BM','SSI-D01326205-MM-NAV', 42, 73000, '2017/11/03 terima 42' ),
( 44, '2017-10-21 12:56:00', 'BM','SSI-D01220322-MM-YEL', 40, 68000, '2017/10/24 terima 40' ),
( 45, '2017-10-21 12:50:00', 'BM','SSI-D01220307-XL-SAL', 23, 67000, '2017/10/23 terima 23' ),
( 46, '2017-10-21 2:55:00', 'BM','SSI-D01220349-LL-YEL', 63, 66000, '2017/10/25 terima 63' ),
( 47, '2017-10-21 2:12:00', 'BM','SSI-D01220357-SS-YEL', 20, 76000, '2017/10/23 terima 20' ),
( 48, '2017-10-21 0:46:00', 'BM','SSI-D01220388-MM-SAL', 23, 71000, '2017/10/23 terima 23' ),
( 49, '2017-10-14 16:12:00', 'BM','SSI-D01322234-LL-WHI', 23, 76000, '2017/10/16 terima 23' ),
( 50, '2017-10-14 7:03:00', 'BM','SSI-D01322275-XL-WHI', 22, 61000, '2017/10/16 terima 22' ),
( 51, '2017-10-02 3:34:00', 'BM','SSI-D01326286-LL-KHA', 75, 72000, '2017/10/05 terima 42; 2017/10/08 terima 33' ),
( 52, '2017-10-02 3:03:00', 'BM','SSI-D01326201-XL-KHA', 76, 68000, '2017/10/06 terima 61; 2017/10/09 terima 15' ),
( 53, '2017-09-30 17:31:00', 'BM','SSI-D01326205-MM-NAV', 37, 76000, '2017/10/02 terima 37' ),
( 54, '2017-09-30 15:47:00', 'BM','SSI-D01326223-MM-KHA', 76, 67000, '2017/10/04 terima 53; 2017/10/06 terima 23' ),
( 55, '2017-09-30 6:39:00', 'BM','SSI-D01326299-LL-NAV', 23, 78000, '2017/10/04 terima 23' ),
( 56, '2017-09-25 17:36:00', 'BM','SSI-D00864614-XL-NAV', 83, 75000, '2017/09/27 terima 79; 2017/10/01 terima 4' ),
( 57, '2017-09-25 10:03:00', 'BM','SSI-D01037822-XX-BLA', 27, 76000, '2017/09/29 terima 27' ),
( 58, '2017-09-25 9:40:00', 'BM','SSI-D01037812-X3-BLA', 28, 70000, '2017/09/28 terima 28' ),
( 59, '2017-09-25 5:13:00', 'BM','SSI-D00864661-MM-NAV', 133, 65000, '2017/09/29 terima 82; 2017/10/03 terima 51' ),
( 60, '2017-09-23 18:41:00', 'BM','SSI-D01037807-X3-BWH', 49, 64000, '2017/09/25 terima 49' ),
( 61, '2017-09-18 6:14:00', 'BM','SSI-D01037812-X3-BLA', 44, 77000, '2017/09/22 terima 44' ),
( 62, '2017-09-16 15:48:00', 'BM','SSI-D01220388-MM-SAL', 35, 66000, '2017/09/20 terima 35' ),
( 63, '2017-09-16 12:08:00', 'BM','SSI-D01220346-LL-SAL', 31, 78000, '2017/09/19 terima 31' ),
( 64, '2017-09-14 13:29:00', 'BM','SSI-D01037822-XX-BLA', 54, 63000, '2017/09/17 terima 33; 2017/09/20 terima 21' ),
( 65, '2017-09-11 15:54:00', 'BM','SSI-D01220338-XX-SAL', 10, 67000, '2017/09/14 terima 10' ),
( 66, '2017-09-11 10:41:00', 'BM','SSI-D01220346-LL-SAL', 14, 60000, '2017/09/15 terima 14' ),
( 67, '2017-09-11 5:28:00', 'BM','SSI-D01220322-MM-YEL', 13, 61000, '2017/09/15 terima 13' ),
( 68, '2017-09-04 10:42:00', 'BM','SSI-D01220346-LL-SAL', 19, 60000, '2017/09/08 terima 19' ),
( 69, '2017-08-29 19:30:00', 'BM','SSI-D01220307-XL-SAL', 27, 63000, '2017/09/01 terima 27' ),
( 70, '2017-08-23 19:48:00', 'BM','SSI-D00791015-LL-BWH', 54, 77000, '2017/08/26 terima 54' ),
( 71, '2017-08-23 19:18:00', 'BM','SSI-D01326223-MM-KHA', 24, 60000, '2017/08/25 terima 24' ),
( 72, '2017-08-23 10:18:00', 'BM','SSI-D01326205-MM-NAV', 47, 71000, '2017/08/27 terima 47' ),
( 73, '2017-08-23 9:29:00', 'BM','SSI-D01326286-LL-KHA', 24, 78000, '2017/08/27 terima 24' ),
( 74, '2017-08-23 8:14:00', 'BM','SSI-D00791077-MM-BWH', 56, 64000, '2017/08/27 terima 51; 2017/08/29 terima 5' ),
( 75, '2017-08-23 6:12:00', 'BM','SSI-D00791091-XL-BWH', 55, 75000, '2017/08/25 terima 46; 2017/08/27 terima 9' ),
( 76, '2017-08-23 2:48:00', 'BM','SSI-D01326299-LL-NAV', 47, 78000, '2017/08/27 terima 47' ),
( 77, '2017-08-10 19:48:00', 'BM','SSI-D01037812-X3-BLA', 24, 79000, '2017/08/14 terima 24' ),
( 78, '2017-08-10 16:18:00', 'BM','SSI-D01037822-XX-BLA', 36, 73000, '2017/08/14 terima 36' ),
( 79, '2017-08-07 8:28:00', 'BM','SSI-D01220357-SS-YEL', 22, 73000, '2017/08/11 terima 22' ),
( 80, '2017-08-07 4:19:00', 'BM','SSI-D01220322-MM-YEL', 45, 73000, '2017/08/10 terima 45' ),
( 81, '2017-08-07 4:16:00', 'BM','SSI-D01220334-XL-YEL', 44, 63000, '2017/08/11 terima 44' ),
( 82, '2017-08-03 15:35:00', 'BM','SSI-D01037822-XX-BLA', 39, 78000, '2017/08/05 terima 39' ),
( 83, '2017-07-05 7:24:00', 'BM','SSI-D00864612-LL-NAV', 101, 73000, '2017/07/07 terima 92; 2017/07/10 terima 9' ),
( 84, '2017-06-21 17:23:00', 'BM','SSI-D01220322-MM-YEL', 15, 65000, '2017/06/24 terima 15' ),
( 85, '2017-06-21 9:37:00', 'BM','SSI-D01220334-XL-YEL', 18, 67000, '2017/06/25 terima 18' ),
( 86, '2017-06-16 18:13:00', 'BM','SSI-D00864612-LL-NAV', 69, 67000, '2017/06/18 terima 57; 2017/06/21 terima 12' ),
( 87, '2017-06-09 14:18:00', 'BM','SSI-D01037812-X3-BLA', 85, 60000, '2017/06/13 terima 68; 2017/06/17 terima 17' ),
( 88, '2017-06-07 0:18:00', 'BM','SSI-D01220334-XL-YEL', 152, 79000, '2017/06/10 terima 47; 2017/06/12 terima 105' ),
( 89, '2017-05-30 13:17:00', 'BM','SSI-D00791077-MM-BWH', 42, 69000, '2017/06/02 terima 42' ),
( 90, '2017-05-30 7:49:00', 'BM','SSI-D00791015-LL-BWH', 41, 60000, '2017/06/03 terima 41' ),
( 91, '2017-05-30 1:06:00', 'BM','SSI-D00791091-XL-BWH', 42, 69000, '2017/06/03 terima 42' ),
( 92, '2017-05-29 12:28:00', 'BM','SSI-D01220346-LL-SAL', 138, 74000, '2017/06/01 terima 138' ),
( 93, '2017-05-29 2:59:00', 'BM','SSI-D01466013-XX-BLA', 111, 78000, '2017/05/01 terima 111' ),
( 94, '2017-05-29 1:36:00', 'BM','SSI-D01466064-X3-BLA', 112, 69000, '2017/05/02 terima 12' ),
( 95, '2017-05-29 1:18:00', 'BM','SSI-D01220338-XX-SAL', 126, 66000, '2017/06/01 terima 126' ),
( 96, '2017-05-25 12:27:00', 'BM','SSI-D01401064-XL-RED', 73, 69000, '2017/05/27 terima 45; 2017/05/29 terima 28' ),
( 97, '2017-05-23 12:19:00', 'BM','SSI-D01326201-XL-KHA', 123, 72000, '2017/05/25 terima 123' ),
( 98, '2017-05-21 15:48:00', 'BM','SSI-D01322234-LL-WHI', 123, 72000, '2017/05/23 terima 123' ),
( 99, '2017-05-21 11:24:00', 'BM','SSI-D01220357-SS-YEL', 124, 60000, '2017/05/25 terima 124' ),
( 100, '2017-05-19 17:43:00', 'BM','SSI-D01220307-XL-SAL', 115, 72000, '2017/05/21 terima 115' ),
( 101, '2017-05-19 0:41:00', 'BM','SSI-D01037812-X3-BLA', 90, 67000, '2017/05/22 terima 64; 2017/05/26 terima 26' ),
( 102, '2017-05-19 0:37:00', 'BM','SSI-D01220349-LL-YEL', 145, 77000, '2017/05/19 terima 145' ),
( 103, '2017-05-18 14:31:00', 'BM','SSI-D01037822-XX-BLA', 141, 77000, '2017/05/21 terima 85; 2017/05/25 terima 56' ),
( 104, '2017-05-17 18:30:00', 'BM','SSI-D01326286-LL-KHA', 137, 65000, '2017/05/19 terima 137' ),
( 105, '2017-05-17 0:29:00', 'BM','SSI-D01326223-MM-KHA', 132, 62000, '2017/05/21 terima 132' ),
( 106, '2017-05-17 0:23:00', 'BM','SSI-D01326299-LL-NAV', 137, 61000, '2017/05/21 terima 137' ),
( 107, '2017-05-17 0:08:00', 'BM','SSI-D01326205-MM-NAV', 146, 77000, '2017/05/20 terima 46' ),
( 108, '2017-05-16 13:59:00', 'BM','SSI-D01220355-XX-YEL', 147, 60000, '2017/05/20 terima 147' ),
( 109, '2017-05-14 12:37:00', 'BM','SSI-D01401050-MM-RED', 124, 73000, '2017/05/18 terima 124' ),
( 110, '2017-05-14 12:06:00', 'BM','SSI-D01401071-LL-RED', 125, 68000, '2017/05/18 terima 125' ),
( 111, '2017-05-14 10:54:00', 'BM','SSI-D01220322-MM-YEL', 136, 63000, '2017/05/18 terima 136' ),
( 112, '2017-05-13 12:00:00', 'BM','SSI-D00864612-LL-NAV', 114, 61000, '2017/06/03 terima 57; 2017/06/07 terima 57' ),
( 113, '2017-05-13 2:41:00', 'BM','SSI-D01037807-X3-BWH', 114, 60000, '2017/05/13 terima 114' ),
( 114, '2017-05-12 13:52:00', 'BM','SSI-D00791091-XL-BWH', 132, 74000, '2017/05/15 terima 32' ),
( 115, '2017-05-12 9:37:00', 'BM','SSI-D00864652-SS-NAV', 141, 73000, '2017/09/27 terima 141' ),
( 116, '2017-05-11 18:55:00', 'BM','SSI-D00791015-LL-BWH', 135, 71000, '2017/05/29 terima 135' ),
( 117, '2017-05-11 14:31:00', 'BM','SSI-D01322275-XL-WHI', 136, 61000, '2017/05/15 terima 136' ),
( 118, '2017-05-11 13:54:00', 'BM','SSI-D00791077-MM-BWH', 135, 76000, '2017/05/13 terima 135' ),
( 119, '2017-05-11 5:00:00', 'BM','SSI-D01220388-MM-SAL', 114, 60000, '2017/05/14 terima 14' ),
( 120, '2017-05-10 13:33:00', 'BM','SSI-D00864614-XL-NAV', 187, 61000, '2017/06/09 terima 187' ),
( 121, '2017-05-10 7:10:00', 'BM','SSI-D00864661-MM-NAV', 145, 78000, '2017/06/09 terima 145' );

INSERT INTO IncomingTransactions(transaction_id, booking, receipt)
VALUES ( 0, 62, '20180102-69539' ),
( 1, 63, '20180102-69458' ),
( 2, 54, '20180102-69088' ),
( 3, 12, '20171218-52879' ),
( 4, 158, '20171215-51963' ),
( 5, 28, '20171215-52086' ),
( 6, 108, '20171215-52033' ),
( 7, 45, '20171211-80524' ),
( 8, 43, '20171209-40417' ),
( 9, 29, '20171125-41118' ),
( 10, 28, '20171125-41065' ),
( 11, 30, '20171125-41126' ),
( 12, 33, '20171121-63197' ),
( 13, 34, '20171121-62114' ),
( 14, 41, '20171115-52505' ),
( 15, 41, '20171115-52471' ),
( 16, 68, '20171106-53438' ),
( 17, 52, '20171103-27559' ),
( 18, 40, '20171102-29823' ),
( 19, 48, '20171102-29903' ),
( 20, 26, '20171102-36271' ),
( 21, 44, '20171102-29675' ),
( 22, 43, '20171102-29856' ),
( 23, 24, '(Hilang)' ),
( 24, 83, '20171101-49596' ),
( 25, 26, '20171101-49061' ),
( 26, 35, '20171101-77541' ),
( 27, 50, '20171101-77541' ),
( 28, 23, '20171101-49764' ),
( 29, 33, '20171101-77541' ),
( 30, 21, '20171101-49201' ),
( 31, 32, '20171101-77541' ),
( 32, 47, '20171030-72636' ),
( 33, 35, '20171030-78949' ),
( 34, 20, '20171030-81599' ),
( 35, 33, '20171030-72459' ),
( 36, 43, '20171030-72207' ),
( 37, 48, '20171030-72631' ),
( 38, 48, '20171030-72636' ),
( 39, 41, '20171030-72380' ),
( 40, 50, '20171030-81674' ),
( 41, 31, '20171030-72690' ),
( 42, 24, '20171030-73213' ),
( 43, 42, '20171030-72379' ),
( 44, 40, '20171021-54469' ),
( 45, 23, '20171021-55007' ),
( 46, 63, '20171021-54404' ),
( 47, 20, '20171021-54754' ),
( 48, 23, '20171021-54810' ),
( 49, 23, '20171014-55723' ),
( 50, 22, '20171014-55661' ),
( 51, 75, '20171002-48217' ),
( 52, 76, '20171002-48246' ),
( 53, 37, '20170930-55892' ),
( 54, 76, '20170930-55944' ),
( 55, 23, '20170930-56040' ),
( 56, 83, '20170925-32301' ),
( 57, 27, '20170925-70729' ),
( 58, 28, '20170925-70655' ),
( 59, 133, '20170925-32348' ),
( 60, 49, '20170923-41259' ),
( 61, 44, '20170918-59870' ),
( 62, 35, '20170916-54398' ),
( 63, 31, '20170916-54143' ),
( 64, 54, '20170914-74150' ),
( 65, 10, '20170911-39994' ),
( 66, 14, '20170911-39993' ),
( 67, 13, '20170911-39990' ),
( 68, 19, '20170904-31798' ),
( 69, 27, '(Hilang)' ),
( 70, 54, '20170823-75140' ),
( 71, 24, '20170823-72588' ),
( 72, 47, '20170823-72543' ),
( 73, 24, '20170823-72448' ),
( 74, 56, '20170823-75140' ),
( 75, 55, '20170823-75141' ),
( 76, 47, '20170823-72753' ),
( 77, 24, '(Hilang)' ),
( 78, 36, '(Hilang)' ),
( 79, 22, '20170807-47194' ),
( 80, 45, '20170807-47247' ),
( 81, 44, '20170807-47268' ),
( 82, 39, '20170803-40409' ),
( 83, 101, '20170705-80527' ),
( 84, 15, '20170621-63683' ),
( 85, 18, '20170621-63711' ),
( 86, 69, '20170616-49542' ),
( 87, 85, '20170609-48272' ),
( 88, 152, '20170607-41048' ),
( 89, 42, '20170530-40064' ),
( 90, 41, '20170530-47169' ),
( 91, 42, '20170530-40490' ),
( 92, 138, '20170529-32863' ),
( 93, 111, '20170529-70478' ),
( 94, 112, '20170529-70446' ),
( 95, 126, '(Hilang)' ),
( 96, 73, '20170525-38122' ),
( 97, 123, '20170523-72651' ),
( 98, 123, '20170521-48749' ),
( 99, 124, '(Hilang)' ),
( 100, 115, '20170829-35425' ),
( 101, 90, '20170519-94061' ),
( 102, 145, '20170519-47171' ),
( 103, 141, '20170518-39164' ),
( 104, 137, '20170517-45556' ),
( 105, 132, '20170517-45572' ),
( 106, 137, '20170517-45584' ),
( 107, 146, '20170517-45595' ),
( 108, 147, '20170516-54443' ),
( 109, 124, '(Hilang)' ),
( 110, 125, '(Hilang)' ),
( 111, 136, '20170514-64960' ),
( 112, 114, '20170530-13265' ),
( 113, 114, '20170803-40449' ),
( 114, 132, '20170512-83329' ),
( 115, 141, '20170925-32239' ),
( 116, 135, '20170525-77267' ),
( 117, 136, '20170511-78054' ),
( 118, 135, '20170511-42597' ),
( 119, 114, '20170911-39993' ),
( 120, 187, '20170607-61746' ),
( 121, 145, '20170607-61782' );

INSERT INTO transactions (id, timestamp, transaction_code, transaction_sku, amount, price, note )
VALUES ( 122, '2018-01-09 2:38:36', 'BK', 'SSI-D01401050-MM-RED', 1, 115000, 'ID-20180109-853724' ),
( 123, '2018-01-09 2:38:36', 'BK', 'SSI-D01037822-XX-BLA', 1, 125000, 'ID-20180109-853724' ),
( 124, '2018-01-09 2:07:08', 'BK', 'SSI-D01322275-XL-WHI', 2, 115000, 'ID-20180108-149680' ),
( 125, '2018-01-08 22:05:15', 'BK', 'SSI-D01401064-XL-RED', 1, 125000, 'ID-20180108-548167' ),
( 126, '2018-01-08 22:05:15', 'BK', 'SSI-D01322275-XL-WHI', 1, 115000, 'ID-20180108-548167' ),
( 127, '2018-01-08 21:37:12', 'BK', 'SSI-D01401050-MM-RED', 1, 120000, 'ID-20180108-901847' ),
( 128, '2018-01-08 15:26:44', 'BK', 'SSI-D01401050-MM-RED', 1, 110000, 'ID-20180108-170723' ),
( 129, '2018-01-08 15:26:44', 'BK', 'SSI-D01220338-XX-SAL', 1, 130000, 'ID-20180108-170723' ),
( 130, '2018-01-08 11:46:27', 'BK', 'SSI-D01037822-XX-BLA', 1, 110000, 'ID-20180108-268141' ),
( 131, '2018-01-08 11:41:26', 'BK', 'SSI-D01401071-LL-RED', 1, 130000, 'ID-20180108-750817' ),
( 132, '2018-01-08 10:32:14', 'BK', 'SSI-D01037812-X3-BLA', 1, 130000, 'ID-20180108-921818' ),
( 133, '2018-01-08 10:09:57', 'BK', 'SSI-D00864652-SS-NAV', 1, 120000, 'ID-20180108-054736' ),
( 134, '2018-01-08 9:51:40', 'BK', 'SSI-D01322275-XL-WHI', 1, 115000, 'ID-20180108-771439' ),
( 135, '2018-01-08 8:12:12', 'BK', 'SSI-D00864652-SS-NAV', 1, 130000, 'ID-20180108-514947' ),
( 136, '2018-01-08 8:12:12', 'BK', 'SSI-D01401064-XL-RED', 1, 130000, 'ID-20180108-514947' ),
( 137, '2018-01-08 7:18:11', 'BK', 'SSI-D01326205-MM-NAV', 1, 130000, 'ID-20180108-300302' ),
( 138, '2018-01-08 5:14:14', 'BK', 'SSI-D01466064-X3-BLA', 1, 120000, 'ID-20180108-314485' ),
( 139, '2018-01-05 6:14:16', 'BK', 'SSI-D00864661-MM-NAV', 1, 0, 'Barang Hilang' ),
( 140, '2018-01-04 14:51:52', 'BK', 'SSI-D01220388-MM-SAL', 1, 0, 'Barang Hilang' ),
( 141, '2018-01-02 22:14:11', 'BK', 'SSI-D01322234-LL-WHI', 1, 0, 'Barang Rusak' ),
( 142, '2017-05-15 6:09:50', 'BK', 'SSI-D00791077-MM-BWH', 1, 0, 'Sample Barang' ),
( 143, '2017-05-15 4:25:14', 'BK', 'SSI-D00791091-XL-BWH', 1, 0, 'Sample Barang' ),
( 144, '2018-01-08 4:43:23', 'BK', 'SSI-D01037822-XX-BLA', 1, 115000, 'ID-20180108-290736' );
